{
    "name": "dice-tooltip3",
    "title": "Dice Tooltip 3 - SW5E",
    "description": "Shows a tooltip in actor sheets when hovering on Items/Spells/etc, with dice and bonus information. Useful for those that want to use physical dice or those that want a quick lookup of the rolls to be made.<br/><br/>This version builds on the original version by Steffan Poulsen and Trevor Bechtel, fixes compatibility with Foundry 0.8 and up, and uses the SW5E system.",
    "version": "3.0.0",
    "authors": [
        {"name": "Steffan Poulsen - Majestic#6238"},
        {"name": "Trevor Bechtel"},
        {"name": "William Weir"}
    ],
    "minimumCoreVersion": "0.8.0",
    "compatibleCoreVersion": "0.8.9",
    "styles": ["/styles/dicetooltip.css"],
    "scripts": ["./scripts/dicetooltip.js"],
    "url": "https://github.com/TheSirLancelot/dice-tooltip3",
    "manifest": "https://github.com/TheSirLancelot/dice-tooltip3/raw/master/src/module.json",
    "download": "https://github.com/TheSirLancelot/dice-tooltip3/raw/master/dist/dice-tooltip2.zip",
    "readme": "https://github.com/TheSirLancelot/dice-tooltip3/raw/master/src/README.md",
    "changelog": "https://github.com/TheSirLancelot/dice-tooltip3/raw/master/src/CHANGELOG.md",
    "bugs": "https://github.com/TheSirLancelot/dice-tooltip3/issues",


    "system": ["sw5e"],
    "languages": [
        {
            "lang": "en",
            "name": "English",
            "path": "lang/en.json"
        }
    ]
}
